Sample	Species
WAKS_010	Wakasagi
WAKS_011	Wakasagi
WAKS_012	Wakasagi
WAKS_013	Wakasagi
plate-3-AAGGTACA	Wakasagi
plate-3-AGATGTAC	Wakasagi
plate-3-AGCACCTC	Wakasagi
plate-3-CCTCTATC	Wakasagi
plate-3-CGACACAC	Wakasagi
plate-3-CGACTGGA	Wakasagi
plate-3-GCTCGGTA	Wakasagi
plate-3-TGGAACAA	Wakasagi
DELS_703	Delta Smelt
DELS_705	Delta Smelt
DELS_706	Delta Smelt
DELS_707	Delta Smelt
DELS_708	Delta Smelt
DELS_709	Delta Smelt
DELS_715	Delta Smelt
DELS_721	Delta Smelt
DELS_728	Delta Smelt
DELS_730	Delta Smelt
DELS_731	Delta Smelt
DELS_732	Delta Smelt
plate-3-ATTGAGGA	Delta Smelt
HS2253_AGTCAA-ACAGCAGA	Surf Smelt
HS2253_AGTCAA-AGCCATGC	Surf Smelt
HS2253_AGTCAA-ATGCCTAA	Surf Smelt
HS2253_AGTCAA-CAGATCTG	Surf Smelt
HS2253_AGTCAA-TGGCTTCA	Surf Smelt
plate-3-AACCGAGA	Surf Smelt
plate-3-AGCAGGAA	Surf Smelt
plate-3-CCGTGAGA	Surf Smelt
plate-3-GCCACATA	Surf Smelt
EULN_006	Eulachon
EULN_007	Eulachon
EULN_010	Eulachon
HS2253_AGTCAA-ACCTCCAA	Eulachon
HS2253_AGTCAA-AGGCTAAC	Eulachon
HS2253_AGTCAA-CGGATTGC	Eulachon
HS2253_AGTCAA-CTAAGGTC	Eulachon
plate-2-AGATGTAC	Eulachon
plate-3-ACAGATTC	Eulachon
plate-3-ATCCTGTA	Eulachon
plate-3-CGAACTTA	Eulachon
plate-3-GCTAACGA	Eulachon
plate-3-TGAAGAGA	Eulachon
HS2253_AGTCAA-CAAGACTA	Night Smelt
HS2253_AGTCAA-CTCAATGA	Night Smelt
HS2253_AGTCAA-GGTGCGAA	Night Smelt
plate-3-ACACTGAC	Night Smelt
plate-3-AGTCACTA	Night Smelt
plate-3-CCGACAAC	Night Smelt
ALVS_098_R1	Longfin Smelt
CHPI_707_R1	Longfin Smelt
HUMB_004_R1	Longfin Smelt
HUMB_005_R1	Longfin Smelt
HUMB_006_R1	Longfin Smelt
SUIB_033_R1	Longfin Smelt
SUIB_044_R1	Longfin Smelt
YBAK_003_R1	Longfin Smelt
YBAK_007_R1	Longfin Smelt
COLR_030_R1	Longfin Smelt
HS2253_AGTCAA-CGCATACA	Whitebait Smelt
HS2253_AGTCAA-GGAGAACA	Whitebait Smelt
plate-3-AAACATCG	Whitebait Smelt
plate-3-AACAACCA	Whitebait Smelt
plate-3-AATGTTGC	Whitebait Smelt
plate-3-AGATCGCA	Whitebait Smelt
plate-3-CCATCCTC	Whitebait Smelt
plate-3-CCGAAGTA	Whitebait Smelt
plate-3-GATAGACA	Whitebait Smelt
