Sample	Location	Dedup	Path	Loc
plate-1-AACGAACG	NOOK	300773	data/alt-trim/plate-1-AACGAACG.sort.flt.bam	NOOK
plate-1-AAGAGATC	NOOK	735026	data/alt-trim/plate-1-AAGAGATC.sort.flt.bam	NOOK
plate-1-ACACGAGA	NOOK	399213	data/alt-trim/plate-1-ACACGAGA.sort.flt.bam	NOOK
plate-1-ACGACAAG	NOOK	562044	data/alt-trim/plate-1-ACGACAAG.sort.flt.bam	NOOK
plate-1-ACGCTCGA	NOOK	450998	data/alt-trim/plate-1-ACGCTCGA.sort.flt.bam	NOOK
plate-1-ACGTATCA	NOOK	558153	data/alt-trim/plate-1-ACGTATCA.sort.flt.bam	NOOK
plate-1-AGTACAAG	NOOK	739821	data/alt-trim/plate-1-AGTACAAG.sort.flt.bam	NOOK
plate-1-ATAGCGAC	NOOK	478550	data/alt-trim/plate-1-ATAGCGAC.sort.flt.bam	NOOK
plate-1-CAATGGAA	NOOK	429504	data/alt-trim/plate-1-CAATGGAA.sort.flt.bam	NOOK
plate-1-CACTTCGA	NOOK	449446	data/alt-trim/plate-1-CACTTCGA.sort.flt.bam	NOOK
plate-1-CAGCGTTA	NOOK	453392	data/alt-trim/plate-1-CAGCGTTA.sort.flt.bam	NOOK
plate-1-CTGAGCCA	NOOK	327182	data/alt-trim/plate-1-CTGAGCCA.sort.flt.bam	NOOK
plate-1-CTGGCATA	NOOK	362214	data/alt-trim/plate-1-CTGGCATA.sort.flt.bam	NOOK
plate-1-GAACAGGC	NOOK	290596	data/alt-trim/plate-1-GAACAGGC.sort.flt.bam	NOOK
plate-1-GAATCTGA	NOOK	342727	data/alt-trim/plate-1-GAATCTGA.sort.flt.bam	NOOK
plate-1-GACAGTGC	NOOK	430723	data/alt-trim/plate-1-GACAGTGC.sort.flt.bam	NOOK
plate-1-GTACGCAA	NOOK	300372	data/alt-trim/plate-1-GTACGCAA.sort.flt.bam	NOOK
plate-1-GTCTGTCA	NOOK	367940	data/alt-trim/plate-1-GTCTGTCA.sort.flt.bam	NOOK
plate-1-TTCACGCA	NOOK	758490	data/alt-trim/plate-1-TTCACGCA.sort.flt.bam	NOOK
